,date,value,action,reward,balance,coin
0,,100000000.0,2.0,0.3890304610644407,199990000.0,-4.741021690174232
1,,100025557.6626763,1.0,-0.08655679392936158,150023338.7718976,-2.371960105825855
2,,100017675.82087694,1.0,-1.3317889668910812,150016512.28122926,-2.372110706310524
3,,99973278.76554929,9.0,-1.6265683881212218,-99998277.74465397,9.477712299722635
4,,99934063.21799502,5.0,-0.10666034605366637,-99998277.74465397,9.477712299722635
5,,99948279.7864446,7.0,-0.7976631194748236,49949147.82347989,2.368835583780357
6,,99906705.86761573,1.0,-0.12216861471350741,149850067.7103258,-2.368636190227737
7,,99902636.36699352,1.0,-0.5489934556836327,149843964.6755376,-2.368820514226621
8,,99884355.62024103,0.0,-0.007741637230039404,124857943.37731633,-1.1839970083715539
9,,99891590.46028955,1.0,-1.0469980793398,149829894.4756196,-2.368614764429601
10,,99859228.79044832,2.0,-0.7422145328721296,199703474.59144908,-4.733337858010538
11,,99839512.46314275,3.0,-0.06233766233791957,299488583.09072286,-9.46435799252467
12,,99847415.59640747,1.0,-0.12220655162611933,149746166.90708193,-2.36672550479775
13,,99828375.92264019,6.0,-0.594447407723384,74863794.45348364,1.1832773382955242
14,,99806097.46741499,5.0,-0.03558043550455636,74863794.45348364,1.1832773382955242
15,,99805505.82874584,2.0,-1.88105415470731,199598536.9357713,-4.734943465082707
16,,99750416.6158397,1.0,-1.2248109069355093,149610652.59089676,-2.3651551064810836
17,,99704697.26659265,7.0,-0.26445937300065114,49842372.80290057,2.3626145652139203
18,,99695902.74347949,2.0,-0.5289062129757398,199376850.5436906,-4.724700381189493
19,,99683310.1504017,3.0,-1.2,299020024.43513566,-9.44843109408798
20,,99653404.13433224,5.0,-0.39098599559249997,299020024.43513566,-9.44843109408798
21,,99705370.50534973,10.0,-6.705885280871853,-199460584.08724397,14.179479095332978
22,,99492463.41920888,3.0,-0.9153888111554176,298427596.4601922,-9.437945637034542
23,,99452107.56741148,8.0,0.32998932764126254,-29842.759645998478,4.717282464954891
24,,99455285.78502017,5.0,-0.0,-29842.759645998478,4.717282464954891
25,,99455285.78502017,6.0,-0.15,74579029.44376603,1.1789668529958057
26,,99442850.89002107,1.0,0.1056627705730352,149156817.8103425,-2.3576388935257135
27,,99449538.19869311,7.0,-0.264430715962858,49714825.89447546,2.3584684278865726
28,,99440774.22803596,5.0,-0.0,49714825.89447546,2.3584684278865726
29,,99440774.22803596,2.0,-0.6,198866631.78381574,-4.7164093259360635
30,,99425857.55577978,7.0,-0.3711368810472871,49698013.40758932,2.3578509190803403
31,,99408584.33456013,7.0,-0.26442987240906246,49694350.68097065,2.357553107588107
32,,99399821.6248045,6.0,-0.2033539260558795,74542410.67596838,1.1786446940119584
33,,99390598.11512849,5.0,-0.1067261170666356,74542410.67596838,1.1786446940119584
34,,99388830.14808747,7.0,-0.3,49686960.99058911,2.3573641552166094
35,,99381376.06463285,3.0,1.0162828206157493,298119282.4771782,-9.428749419096592
36,,99436674.71797484,10.0,-1.3729356492020883,-198923048.69914103,14.156701981488446
37,,99401132.15676498,9.0,-1.4846960565649416,-99450844.80128193,9.433980179069424
38,,99341985.53206897,4.0,-2.6542995444184254,397318260.2495829,-14.143221174838976
39,,99264017.21102631,4.0,-2.2271092341266767,396996484.2146382,-14.130779711164417
40,,99190301.80184811,1.0,0.07624851720043607,148750712.56944084,-2.353269319142304
41,,99168504.64977206,3.0,-1.2,297480722.0275943,-9.413465402574532
42,,99143712.72805023,0.0,-0.15,123946996.01817453,-1.1763890069537748
43,,99161067.83616197,1.0,-0.08639977218265699,148734165.10803294,-2.3531898677273304
44,,99160690.75955513,2.0,-0.5287897847293896,198306508.10259944,-4.707032053713485
45,,99148170.85907117,1.0,-0.3356059527200416,148707383.04633945,-2.353274728450374
46,,99132120.97943965,2.0,-0.24394892364661944,198249371.22057468,-4.705675882535763
47,,99129014.43084137,5.0,-0.46287504747435,198249371.22057468,-4.705675882535763
48,,99159601.32407784,6.0,-0.48832541849695765,74357313.02603565,1.1772480271171535
49,,99136029.5007975,3.0,-1.912728050171249,297385783.42484486,-9.419995201520097
50,,99090174.43524605,10.0,0.10312700410921567,-198229905.4837216,14.121779687215893
51,,99104165.83060902,4.0,-4.1512206126804125,396357198.6655555,-14.12075504591912
52,,98967037.02097583,7.0,-0.08635122622912848,49448831.14247239,2.3495889703704997
53,,98939398.4198714,0.0,-0.16780508937256822,123676723.5966065,-1.1742991243130463
54,,98941286.84207648,2.0,-0.6,197870206.0117933,-4.697174650687262
55,,98928919.1697168,5.0,-0.35605772882639997,197870206.0117933,-4.697174650687262
56,,98905433.29646337,1.0,-0.4068026484409377,148343308.1957587,-2.3471791090337315
57,,98887070.77886346,5.0,-0.71189577845775,148343308.1957587,-2.3471791090337315
58,,98863598.98777312,8.0,0.7451021085836252,-14834.330819576979,4.689812812209062
59,,98898007.69148174,3.0,0.06691242710115264,296664352.18870467,-9.37821892669686
60,,98910538.79091132,8.0,-2.2359542835462665,-29666.43521887064,4.690704421829669
61,,98826929.2548414,3.0,-3.1930818505336274,296451136.71910423,-9.378593523591118
62,,98731628.05475628,8.0,-0.45771274072698337,-29645.113671898842,4.68321924175867
63,,98706666.16032614,6.0,-0.15,74017658.32246318,1.1704532817948838
64,,98694324.86254472,3.0,-1.2,296060768.0560076,-9.362455519854358
65,,98672118.3309182,5.0,-0.32016316463489997,296060768.0560076,-9.362455519854358
66,,98629987.28107885,10.0,0.6337522228798059,-197309306.63641956,14.031533460260182
67,,98664844.40757856,6.0,-0.09667136795699358,73966569.26946935,1.1693749781636351
68,,98634534.43383123,2.0,-0.9555700402936844,197256738.61770263,-4.675730478019968
69,,98610514.85767636,0.0,-0.2566583718449824,123270542.9316,-1.1685094781096854
70,,98614408.68874659,8.0,-0.38675623800390685,-12327.05429315567,4.673557910416653
71,,98609091.97131905,6.0,-0.09669284901904986,73944491.60928744,1.1682434363012872
72,,98598516.96727166,2.0,-0.6,197184708.6803108,-4.672140496470806
73,,98586191.71303912,1.0,-0.975310967375003,147864498.40827626,-2.335778229038764
74,,98549212.65858084,5.0,-0.10656941221054428,147864498.40827626,-2.335778229038764
75,,98545708.99123728,5.0,-0.2841649103697,147864498.40827626,-2.335778229038764
76,,98536365.87832113,7.0,0.045919454506683846,49258323.30761365,2.3329395051334405
77,,98538170.94429988,1.0,-0.3,147797401.52313894,-2.332430017381113
78,,98528316.050989,10.0,-0.7349421260690369,-197091117.5053405,13.993180493429923
79,,98528813.59886006,5.0,-0.10650383413807196,-197091117.5053405,13.993180493429923
80,,98507823.8281199,6.0,-0.15,73848845.2813609,1.1658006559696077
81,,98475801.23839086,8.0,0.5058403749200983,-12310.275719538331,4.661686725763491
82,,98503115.29984032,2.0,-2.374653385700211,196986528.7455931,-4.661104211415337
83,,98425149.6431101,0.0,-0.11452791374047297,123038832.5630568,-1.1636654328711793
84,,98433708.81771214,1.0,0.07517616874356275,147643181.0287528,-2.327643330835729
85,,98439128.65821633,10.0,-4.1414092435774075,-196912709.46026713,13.970262830533562
86,,98327840.06881392,3.0,1.0112262521589643,294934330.5834751,-9.30540043710828
87,,98357746.34956267,6.0,0.18561982248524256,73746193.16008985,1.1639969982196767
88,,98347851.71596183,10.0,-5.419140782095563,-196727667.95329404,13.95962031406333
89,,98197230.42192191,1.0,-0.1224842618450644,147261443.28152424,-2.323974781604627
90,,98168638.00751731,3.0,-2.478264574309463,294481371.014423,-9.294292220645914
91,,98102270.68439549,7.0,-0.33549268777516217,49026592.31863055,2.321507659718763
92,,98076566.90699843,7.0,-0.5129611661972056,49028474.62769503,2.32095432489288
93,,98059795.21821958,5.0,-0.03550211829317362,49028474.62769503,2.32095432489288
94,,98060955.69538201,1.0,-0.4065144845213192,147081627.24718148,-2.3208595023994607
95,,98047668.11023687,2.0,-1.523059992900213,196080628.05774903,-4.640760530599308
96,,98002795.00406326,9.0,-3.0451831172515984,-98032203.34636945,9.274419892501491
97,,97913102.93245581,7.0,-0.7614376996803435,48932061.28045341,2.3171956675530896
98,,97873550.97484222,8.0,0.15094574120527102,-14681.504066929221,4.633944935128176
99,,97884356.16791849,5.0,-0.03550043783873136,-14681.504066929221,4.633944935128176
100,,97882039.19545092,0.0,-0.1855048281737731,122359891.61540371,-1.1583124963960394
101,,97888223.50404459,3.0,-1.626037771572088,293642645.70062184,-9.266646803052453
102,,97852298.7223281,3.0,-1.9100125422998142,293517746.672542,-9.262588325941557
103,,97789992.75707093,0.0,0.11164284700200833,122254618.97191131,-1.1569494197751045
104,,97816376.37800178,3.0,1.6040571888459163,293427122.0344704,-9.261598861714887
105,,97896246.86594567,6.0,-0.11447873247448542,73400184.65577075,1.1592488497767344
106,,97875405.62110694,7.0,0.16439515938057092,48930361.518175885,2.31789432153429
107,,97884289.5889801,0.0,0.008180930397738624,122357810.27179247,-1.1586682006271318
108,,97891951.88145027,2.0,-0.6,195771667.98187336,-4.636023389521927
109,,97879716.10042311,5.0,-0.035518931590594605,195771667.98187336,-4.636023389521927
110,,97877398.08872834,9.0,0.06543616215235774,-97906762.9953354,9.2704487676386
111,,97889750.20157564,5.0,-0.1775526147579,-97906762.9953354,9.2704487676386
112,,97912926.32349473,2.0,-0.38694077545792177,195796479.38542524,-4.6353702752210735
113,,97890506.11734334,6.0,-0.11449470918266648,73405641.72802778,1.1586594952695517
114,,97879426.91685888,5.0,-0.03550716061073711,73405641.72802778,1.1586594952695517
115,,97878847.58711125,1.0,-0.2644884480636667,146810930.11770162,-2.3169881542257182
116,,97872664.81822312,0.0,-0.13224380370716307,122343278.03268838,-1.1584483206474814
117,,97875691.05229293,5.0,-0.03550968230658924,122343278.03268838,-1.1584483206474814
118,,97875111.8281326,1.0,-0.3,146805327.16998702,-2.3169545682866417
119,,97867771.25592072,1.0,-0.2289752148284857,146791869.73972687,-2.3167807981421946
120,,97860300.89256465,7.0,-0.37101394379869523,48920364.274352975,2.3167136405995277
121,,97848198.0069947,7.0,-0.6550865314045391,48914313.810223736,2.3165368026467172
122,,97826830.12970784,9.0,-0.6317270122425637,-97851286.74736571,9.26631747185184
123,,97820906.14699367,7.0,-0.3,48885994.80890006,2.3162196895080545
124,,97796447.88239689,6.0,-0.2032705467288737,73339999.95529327,1.1578202813249934
125,,97787375.19547051,6.0,-0.3453392138289796,73335641.97469896,1.1577951124256514
126,,97776117.90044825,1.0,-0.3710651602359714,146656843.99718478,-2.3159269025900246
127,,97766469.12005806,1.0,0.016481727102659445,146639926.31914335,-2.3155886672522694
128,,97767111.90811697,3.0,-1.6264616696668563,293276895.02052814,-9.264390401603048
129,,97728774.6186918,1.0,-0.08678431837038066,146568720.67726657,-2.3150248636430604
130,,97711278.4425116,8.0,-1.026406690516055,-14656.872067719698,4.629878861973115
131,,97682731.93385796,4.0,-1.3734473852568014,390691853.1769711,-13.887552818594596
132,,97657544.9282158,1.0,-0.33554773583563235,146452131.08425242,-2.3141049958109003
133,,97622201.56764661,4.0,-2.4398440832183415,390454636.61716443,-13.879276086580722
134,,97567213.00009477,4.0,-3.079597204122119,390210293.0941173,-13.870472171557129
135,,97467042.67731827,7.0,-0.3,48699373.661483645,2.3090436776508083
136,,97432895.00014278,5.0,-0.03553576082060417,48699373.661483645,2.3090436776508083
137,,97434049.5219816,7.0,-0.6553136548848196,48707279.59092866,2.3082073704629393
138,,97412763.31506714,1.0,-0.3,146109403.78606257,-2.3082499245312342
139,,97403022.128529,1.0,-0.3,146094792.40352133,-2.308019101666485
140,,97393281.33925682,6.0,-0.15,73037656.02130271,1.1538941441075876
141,,97385976.35611692,4.0,-3.506250888583755,389512254.7995274,-13.84569115531732
142,,97298942.96655536,4.0,-1.3735181236677219,389137360.8521482,-13.830695517634023
143,,97254362.64799976,5.0,-0.17769143290364997,389137360.8521482,-13.830695517634023
144,,97219785.90920568,1.0,-0.12231184706146003,145795626.11701876,-2.303076917281541
145,,97191490.85470912,3.0,-1.0578326383625467,291550173.8524302,-9.210717480544837
146,,97171797.50175226,5.0,-0.24877390006379999,291550173.8524302,-9.210717480544837
147,,97204035.01293418,3.0,-0.34683412322292806,291573229.617916,-9.213652607861059
148,,97192800.54987124,0.0,-0.04333910034601197,121508008.91023207,-1.1517372203378589
149,,97213263.98442528,9.0,-2.3376505167340835,-97235136.11171475,9.217148381949869
150,,97154523.26360798,5.0,-0.03556187766712293,-97235136.11171475,9.217148381949869
151,,97149914.689417,1.0,-0.3,145700576.03331095,-2.3032768602721023
152,,97125618.68860245,5.0,-0.14225088314079315,145700576.03331095,-2.3032768602721023
153,,97121012.13488191,6.0,-0.15,72833473.11946821,1.1511866407662081
154,,97113726.15318869,8.0,-0.24444207382165262,-12139.397918693721,4.604401116714728
155,,97113097.75806177,7.0,-0.3711031572959059,48541980.70042739,2.3019128130762723
156,,97096227.6666452,8.0,-2.1643436211063887,-14565.047463282943,4.603244093616138
157,,97031026.93415214,8.0,0.033577222274966616,-19407.661891564727,4.602553217633628
158,,97032330.76173992,8.0,0.27055817703269425,-19408.406918525696,4.601632834360369
159,,97042832.96824473,1.0,-0.3711207509599584,145549691.08658117,-2.3003563496952717
160,,97025974.24610911,0.0,-0.15,121284894.52996428,-1.1499238438194406
161,,97028400.968437,1.0,-0.3355586896749518,145535324.38325092,-2.2999052092641747
162,,97019973.94642779,5.0,-0.4266514968357,145535324.38325092,-2.2999052092641747
163,,97006174.51517221,4.0,-1.3734271699724117,387990743.29334754,-13.792020262340543
164,,96986011.76809323,3.0,0.8959690987935842,290909537.6287735,-9.193204745903289
165,,97011059.73055428,0.0,-0.4167217836568145,121280789.23448944,-1.1498833621429756
166,,97019400.1766348,10.0,-2.013258922223779,-194070332.31222838,13.794881299109171
167,,96980970.77702647,2.0,-0.6,193923138.32666633,-4.596581310378769
168,,96942167.54963987,4.0,-0.7334668341351789,387729889.45121694,-13.784226492353465
169,,96937847.36852825,1.0,0.016664889078400556,145372844.95621568,-2.2975409406647764
170,,96914260.20618455,5.0,-0.0,145372844.95621568,-2.2975409406647764
171,,96914260.20618455,2.0,-1.2401322807765949,193813983.12787348,-4.594943944536166
172,,96879045.67393851,5.0,-0.3555176336745,193813983.12787348,-4.594943944536166
173,,96856070.95421584,1.0,-0.22890621297573976,145269567.83655867,-2.2950587875981197
174,,96843827.41823834,10.0,-1.7999999999999998,-193721550.558744,13.769264561834836
175,,96809931.69597101,2.0,-0.8132914691946397,193581129.25054693,-4.588148421610001
176,,96764315.33194351,10.0,-0.9470653744991018,-193567341.63987848,13.756981541398979
177,,96753118.31903484,1.0,-0.33554268249353303,145095807.77664042,-2.292347675007341
178,,96718102.4432855,0.0,-0.15,120900047.8720791,-1.145731880725046
179,,96720522.26125774,10.0,-2.0132083965122827,-193472478.6317549,13.749126553438835
180,,96682213.58874157,2.0,-0.6710853649870661,193325743.48690218,-4.581335493578865
181,,96641239.23041381,6.0,-0.13223263362389315,72468844.94140394,1.1448213517628627
182,,96629727.15968327,5.0,-0.03553744462087005,72468844.94140394,1.1448213517628627
183,,96629154.7490074,4.0,-1.5867489575438198,386485214.2186242,-13.736138374100749
184,,96604618.04078901,1.0,-0.3,144873108.77066374,-2.2888292946854554
185,,96570799.75026923,9.0,-1.4842845973418692,-96594944.14112133,9.152112185208068
186,,96537503.24723193,1.0,-0.4066331003437003,144782114.7509467,-2.2873475476183374
187,,96509932.1060093,6.0,-0.0078610689916823,72375209.11293983,1.1432658750238025
188,,96507265.20294225,1.0,-0.3,144753659.23554423,-2.286035275794539
189,,96500026.63407311,8.0,0.21055997725946363,-14475.365923553705,4.571727621473996
190,,96512981.6338784,6.0,-0.1677589514066399,72372670.65516798,1.1427605100156104
191,,96500344.68338257,1.0,0.10525848390841122,144743279.24043688,-2.2852758823355335
192,,96506818.55403961,0.0,0.00825980101857459,120635934.1681543,-1.1430394238308612
193,,96514373.20705163,7.0,0.10536416623212967,48249948.728769355,2.286745325476274
194,,96520855.80424803,3.0,-1.3421336870531837,289538436.1508757,-9.144995575749494
195,,96492152.04459175,5.0,-0.035529027215264186,289538436.1508757,-9.144995575749494
196,,96496724.54237962,5.0,-0.10658960632892178,289538436.1508757,-9.144995575749494
197,,96483007.049016,5.0,-0.42632813055104996,289538436.1508757,-9.144995575749494
198,,96537877.0224705,0.0,-0.09668850245208506,120689232.8870754,-1.1435698194990465
199,,96556478.98618701,7.0,-0.051245083637434165,48270998.39375412,2.287742950911885
200,,96557244.98717582,4.0,0.27688152938615007,386195184.1505478,-13.724290382655933
201,,96592070.64093363,5.0,-0.0,386195184.1505478,-13.724290382655933
202,,96592070.64093363,5.0,-0.46205246072534994,386195184.1505478,-13.724290382655933
203,,96502862.75344634,7.0,-0.3,48217637.00144577,2.2859309918856914
204,,96469068.37816894,5.0,-0.0,48217637.00144577,2.2859309918856914
205,,96469068.37816894,6.0,-0.09670800170552302,72344564.41377959,1.1425652404084818
206,,96463545.35618243,5.0,-0.0,72344564.41377959,1.1425652404084818
207,,96463545.35618243,2.0,0.15143063549564462,192915032.45973498,-4.569674570983795
208,,96476620.31369296,4.0,-4.145761467020333,385867894.4274632,-13.714455124198205
209,,96362603.98320115,0.0,0.1414943508846614,120479796.44294631,-1.1412231931500172
210,,96399416.45588438,5.0,-0.10663254425247182,120479796.44294631,-1.1412231931500172
211,,96401128.2906741,10.0,-4.145848144461526,-192833584.78665066,13.706971177402831
212,,96294411.74389595,3.0,1.0150401782539382,288835063.549686,-9.13024502751046
213,,96323847.14462796,1.0,0.16502845624838025,144461703.40294424,-2.284179443790087
214,,96315769.08673678,1.0,-0.2644143182465457,144464023.2482192,-2.284746396402334
215,,96307281.078049,2.0,-0.4576538963349891,192600115.75377318,-4.569198485496335
216,,96297403.87420969,4.0,-0.5188242829701731,385151096.00448847,-13.706839922312957
217,,96300004.90162635,9.0,-2.481101857783122,-96348150.01171696,9.139440994768439
218,,96210732.30705929,1.0,-0.12199558593200935,144292032.03574172,-2.283229681215513
219,,96192373.95641512,2.0,-1.0984715068943727,192370318.70962667,-4.56612982490756
220,,96161963.29882438,1.0,-0.3,144228516.01453054,-2.281964008040446
221,,96147534.36511834,10.0,0.1016433317500399,-192328721.08871114,13.689729620092788
222,,96175485.78993434,9.0,-2.4810410685902493,-96223571.30778015,9.127190281139228
223,,96086327.9158234,6.0,-0.15,72043112.78874731,1.1400845742266659
224,,96064694.76770316,5.0,-0.1423825344090135,72043112.78874731,1.1400845742266659
225,,96066974.93685162,1.0,-0.7983414009111254,144093256.67031577,-2.2794935207111715
226,,96043812.74724498,8.0,-0.5288462450779882,-14409.32566703111,4.5563742467500825
227,,96031681.60870132,5.0,-0.14231836618511237,-14409.32566703111,4.5563742467500825
228,,96022568.86020783,1.0,-0.3355865259161694,144019448.46405014,-2.277845305662622
229,,96007025.1112934,8.0,-1.0269427839452507,-14401.94484641403,4.554845104435592
230,,95978958.63113368,4.0,-2.0135444839849446,383877441.50088775,-13.662485214396252
231,,95933734.36487955,6.0,-0.2211655713980983,71919108.05958694,1.1379769681013445
232,,95900265.69687063,4.0,-2.0135596839632823,383569894.5920097,-13.652255063971902
233,,95862271.37386584,1.0,0.016943271329467158,143759843.1849082,-2.2744204084147728
234,,95838942.38981315,8.0,-0.742371674695529,-14375.984318487346,4.548705113543898
235,,95820017.70038113,4.0,-3.0816621971185714,383241741.35684586,-13.644068305818799
236,,95740756.05078506,0.0,-0.22119331798879246,119702301.64311063,-1.1359034246587223
237,,95764840.82356505,5.0,-0.2847177735069,119702301.64311063,-1.1359034246587223
238,,95769384.43726368,6.0,-0.22118583734784775,71822250.80161625,1.1363509390026303
239,,95762324.20905417,3.0,-2.481723033107162,287265426.15497994,-9.091000280911752
240,,95699868.2356075,2.0,-0.7423832574034039,191371009.9285995,-4.5415655009305
241,,95666600.12749107,1.0,-0.26440587481615685,143485546.42025012,-2.2698856386724975
242,,95653381.29932392,1.0,-0.33559496974744435,143470506.06340882,-2.2696258464663406
243,,95642680.60082363,8.0,-0.5288259858587645,-14347.05060634762,4.5386361980175405
244,,95630602.8683163,7.0,-0.08648302370276302,47800955.40902282,2.268977693983351
245,,95623063.77626291,4.0,-0.09176571062599749,382458785.97508204,-13.610855280942697
246,,95644038.06741703,7.0,-0.4067635543954697,47788555.35701436,2.269404153930882
247,,95607170.28449197,0.0,-0.23899375919497085,119511354.53785059,-1.1343454307400216
248,,95606726.10315074,6.0,-0.22117232543241885,71700263.94636701,1.1342055911826552
249,,95599677.06097233,2.0,-0.9559665899434844,191187404.2129271,-4.5369184472378485
250,,95576384.85583669,0.0,-0.13220378191138846,119477652.76211017,-1.133818744137761
251,,95584123.45752306,7.0,-0.37117232543241885,47784893.1696582,2.2678749011204373
252,,95574687.02351862,6.0,-0.1677939257325783,71673846.921078,1.1338793098056545
253,,95566951.73730275,1.0,-0.3,143343259.94788563,-2.2676288851865687
254,,95559784.07923426,3.0,0.42383257403150104,286655461.9333,-9.069835239107276
255,,95590312.78626615,6.0,-0.16779941612077273,71671238.31696525,1.1344146110588882
256,,95568249.30622625,0.0,-0.15,119460312.1276491,-1.1341796931739843
257,,95568249.80109254,5.0,-0.28482590016855,119460312.1276491,-1.1341796931739843
258,,95563713.08231984,1.0,-0.26439996203037014,143338401.7779211,-2.267821094053486
259,,95557679.14730822,5.0,-0.07119464616262006,143338401.7779211,-2.267821094053486
260,,95559946.96840227,2.0,-0.3863845642681037,191105560.09662676,-4.5357863569585275
261,,95552416.80775994,6.0,-0.3457889302921606,71652368.48107088,1.1339379679557584
262,,95534236.0241871,4.0,-0.9452542614313048,382105895.63918686,-13.608219366248578
263,,95530404.00535804,6.0,-0.39927465691626246,71616757.19475502,1.1340804882159414
264,,95491419.63267702,4.0,-2.4413333650006437,381934643.6385745,-13.607935535722547
265,,95439972.83723986,9.0,-0.6300805091791658,-95487710.29888743,9.066423429571318
266,,95410368.22245145,5.0,-0.14248058702004407,-95487710.29888743,9.066423429571318
267,,95392235.37559229,10.0,-2.0137198090583124,-190832176.41636473,13.59283283666739
268,,95337733.29399383,1.0,-0.7275352681328381,142973216.06335503,-2.264231541680374
269,,95290764.02710804,5.0,-0.0,142973216.06335503,-2.264231541680374
270,,95290764.02710804,7.0,-0.691717318011334,47635849.230149046,2.2624712480912685
271,,95268787.65183857,2.0,-0.6712541857649825,190523285.13106978,-4.525080753881235
272,,95252234.93885426,10.0,-1.3725705329153735,-190542572.65320942,13.572561262304681
273,,95227704.72461566,0.0,-0.16781227736873583,119060827.24088925,-1.130701789653475
274,,95253335.7088405,7.0,0.1358463346868071,47619524.438481614,2.261958531235081
275,,95260895.02335489,10.0,-3.081801348399865,-190555132.45227525,13.568639496252239
276,,95186846.69930062,7.0,-0.26438933472626863,47560089.8094002,2.2600039579111217
277,,95154643.16102946,5.0,-0.17806690567199998,47560089.8094002,2.2600039579111217
278,,95148993.1511347,0.0,-0.16781058555341472,118938621.60442376,-1.1296598892427068
279,,95150808.48669547,7.0,0.07645435118113691,47568267.92161162,2.2593092362981233
280,,95156098.36575899,6.0,-0.09659414613302403,71359936.08881569,1.1294224275478206
281,,95150654.81389676,1.0,-0.2643915117852506,142718845.61623192,-2.2585547915663025
282,,95144647.48667932,1.0,-0.40682800037978734,142707456.5778317,-2.258465806273246
283,,95131745.13578263,1.0,-0.8341019676723315,142688103.54527295,-2.2579987452418084
284,,95105295.98679233,3.0,-3.193271010297712,285292108.62042373,-9.026270202324522
285,,95018332.7554228,4.0,-0.9460246679314661,380025798.14427805,-13.522533124585786
286,,94997844.94425887,7.0,-0.15768573868501548,47465669.78456223,2.25348336996534
287,,94969099.22343159,7.0,0.4615037950662438,47475050.81381074,2.2525877424912615
288,,94986631.47843644,1.0,0.07598556324666998,142470446.72801426,-2.2517217778882146
289,,94989515.45857441,4.0,-1.5865719773319273,379924816.8865332,-13.514264879222406
290,,94963027.64324957,5.0,-0.035568623731330185,379924816.8865332,-13.514264879222406
291,,94969784.77568918,9.0,-0.915472718219205,-95017274.2358554,9.00806571109902
292,,94931303.38123408,1.0,0.04642780926181946,142373213.64892036,-2.25099716361734
293,,94918816.9441214,10.0,1.701539264282727,-189870854.97299653,13.507409379425763
294,,95007162.54378253,0.0,0.14173443019369175,118785065.80241624,-1.1261843311417763
295,,95043410.82545088,5.0,-0.0,118785065.80241624,-1.1261843311417763
296,,95043410.82545088,5.0,-0.03557621611371963,118785065.80241624,-1.1261843311417763
297,,95043973.91761646,5.0,-1.0317347374412997,118785065.80241624,-1.1261843311417763
298,,95027644.2448149,6.0,-0.11445094925458318,71265981.75034928,1.1261601318387204
299,,95024018.97168484,2.0,-0.6,190036159.7377504,-4.504255159466492
300,,95012140.76606555,6.0,-0.6121157537979753,71247227.86913286,1.1259230294843405
301,,94985626.06126596,6.0,-0.15,71234471.06547871,1.1263028678974787
302,,94980877.5807952,1.0,-0.2288472027888544,142464192.68666223,-2.252493124500088
303,,94976006.38938913,6.0,0.038033617929582805,71224881.57325238,1.1262422197247615
304,,94975077.50280815,7.0,0.04634744878597554,47480414.977935985,2.2518749407911645
305,,94979213.10404402,8.0,-1.7377044517138465,-14247.801123023033,4.50287835319983
306,,94928942.27609539,4.0,-2.0134432060700114,379677796.10269105,-13.506607864751537
307,,94884215.97047251,1.0,-0.904741409973438,142293100.38689703,-2.249987336569503
308,,94831867.50929993,1.0,0.3722770693086574,142238313.54728666,-2.247839848044466
309,,94845982.11104116,4.0,-7.990293357364393,379350735.4163877,-13.495764286438373
310,,94617100.50111091,9.0,2.5544838373303738,-94664497.28470266,8.969295715338982
311,,94704243.15324926,6.0,-0.007921659641011396,71006877.88481432,1.1213972807423065
312,,94687424.2622496,5.0,-0.3906804943882499,71006877.88481432,1.1213972807423065
313,,94693591.9472937,5.0,-0.03550716061073711,71006877.88481432,1.1213972807423065
314,,94694152.64593406,8.0,-2.0201107797186997,-11838.14274070412,4.482987863747293
315,,94637484.62455589,1.0,-0.26447331028280036,141942030.13032588,-2.2412135798928596
316,,94624408.42483789,1.0,-0.3,141927149.65466502,-2.2409569786817736
317,,94614945.44224608,8.0,-0.7420817051508719,-14192.714965462685,4.481465740307689
318,,94596271.26154031,1.0,-0.832938209032904,141880216.03234974,-2.2403967330966608
319,,94565277.42608136,5.0,-0.14205218050111768,141880216.03234974,-2.2403967330966608
320,,94560796.63261516,2.0,0.56539699824817,189107405.2436271,-4.4770984627913055
321,,94586902.49717706,7.0,0.2532179566124059,47279269.85318905,2.2401217908577364
322,,94591762.13699988,2.0,0.6246123434575969,189169333.84855765,-4.478670587202002
323,,94620119.08213618,7.0,1.1413155463974383,47295873.61363734,2.2410146151801476
324,,94658596.99816218,7.0,-0.5838676098321568,47319829.296892725,2.2394330833036546
325,,94640170.0636406,6.0,-0.30970575708099957,70973029.50940219,1.1197104903296253
326,,94628033.32810585,3.0,-1.3420193126950923,283862808.8772701,-8.958442992341745
327,,94602262.99956223,1.0,-0.12248006058753062,141879738.33160558,-2.238947838012975
328,,94584204.2014195,8.0,-0.5289978223819907,-14187.973833158612,4.477570734776534
329,,94572255.01295373,8.0,-0.7420009941063926,-18915.86979997158,4.476899098816716
330,,94548862.24405493,5.0,-0.14202191871603986,-18915.86979997158,4.476899098816716
331,,94539908.4458573,7.0,-1.187632270435296,47255771.345074795,2.238001762324108
332,,94497750.54597439,6.0,-0.36315789473675925,70866226.26779705,1.119164225519617
333,,94483948.91893753,7.0,0.2534325688290379,47234888.4897577,2.2386378457787406
334,,94495891.37091559,5.0,-0.49735925917155,47234888.4897577,2.2386378457787406
335,,94511561.83583604,8.0,-1.6653100362239117,-14178.823518194258,4.475297101396218
336,,94463818.28405735,7.0,-0.8683672019326663,47217738.15140373,2.2373127346894357
337,,94431748.7915549,6.0,-0.1322317916883079,70816729.39888236,1.118700525891519
338,,94425225.94703403,5.0,-0.46200867154739994,70816729.39888236,1.118700525891519
339,,94432497.50045232,7.0,-0.5131477972524336,47209165.54854098,2.236676871161827
340,,94418704.26815367,0.0,0.03787694840573394,118025740.82145733,-1.118334015589066
341,,94427215.59150465,6.0,-0.02561370044781762,70815691.1607157,1.1187263416286122
342,,94426410.60078755,6.0,-0.22106609808104932,70815086.21838164,1.1185312793270261
343,,94419451.80601987,6.0,0.20075048571291054,70809867.931661,1.118554847723308
344,,94427034.98649092,1.0,-0.6197250639386629,141633469.4112816,-2.2361237801101383
345,,94409889.36102563,3.0,-5.746231976702097,283206063.74719965,-8.940965443665567
346,,94243229.57804972,9.0,-0.7741985852512253,-94280974.50738224,8.91842528359315
347,,94218862.28664258,3.0,1.247575227100705,282618893.103791,-8.915486590333325
348,,94265865.65311402,6.0,-0.5937110974368016,70678207.29044911,1.1154931679775877
349,,94230730.0391279,1.0,-1.3302252060244804,141339028.26991504,-2.2314750885461754
350,,94191306.86156717,8.0,-1.238883498591767,-14133.902826972306,4.458021481012243
351,,94157111.86207566,5.0,-1.029634538913,-14133.902826972306,4.458021481012243
352,,94092470.55060098,10.0,-2.013152845875256,-188222579.50281245,13.37205578776394
353,,94048146.12109655,8.0,-1.097368421052513,-37631.887174487114,4.4553577204555666
354,,93994920.48190047,2.0,-3.0877520077705447,187971038.21651584,-4.453574683466417
355,,93898180.1776547,8.0,-0.10296122709887492,-18797.103821650147,4.44530512605476
356,,93894941.64177424,8.0,-0.4580124488202101,-18780.868038743734,4.444415385500402
357,,93880605.189121,7.0,-0.8324281150158847,46926218.62569533,2.221763227762892
358,,93849857.99604762,8.0,-1.3101562499999273,-14077.349736653268,4.443648579358316
359,,93813562.40341419,4.0,-4.1445394269479445,375216722.78096044,-13.328945641024985
360,,93702726.36969227,3.0,1.3676049335951772,281061287.1641618,-8.873154174351201
361,,93744565.96652076,6.0,-0.16776189573905287,70287349.18862164,1.11016515438432
362,,93722935.59767464,2.0,-1.5948886783514433,187434155.34314862,-4.439741146265971
363,,93680141.55745012,0.0,-0.22103992044330317,117107210.34465227,-1.1090607278194122
364,,93684956.8338341,6.0,-0.5228496851175936,70259033.27610365,1.1090126998654541
365,,93668627.85121359,1.0,-0.26446573655158845,140495917.38597032,-2.2187419250826346
366,,93662712.83132607,9.0,-3.0474559408755053,-93686128.6943478,8.874617475016683
367,,93581611.95471674,2.0,-0.03126318034293382,187135138.97417313,-4.434832213573288
368,,93571266.34831068,5.0,-0.21329541414855,187135138.97417313,-4.434832213573288
369,,93584570.8449514,6.0,-0.32775367986912346,70176733.4626295,1.1091110342145039
370,,93567330.61869627,5.0,-0.21337632471104998,70176733.4626295,1.1091110342145039
371,,93570657.95179892,10.0,-2.866623207300671,-187171726.49343228,13.308615567400581
372,,93506975.82304597,8.0,-0.24441678520626717,-37418.567813932896,4.433711513657941
373,,93480641.53401618,5.0,-0.03555766267626659,-37418.567813932896,4.433711513657941
374,,93482858.38977301,6.0,-0.13222336794190692,70100454.69317426,1.1079843833235317
375,,93471723.28280917,5.0,-0.0,70100454.69317426,1.1079843833235317
376,,93471723.28280917,5.0,-0.03555597695970025,70100454.69317426,1.1079843833235317
377,,93471169.29061751,0.0,-0.0433188735599856,116838961.90549937,-1.1078458409261072
378,,93474493.12036777,5.0,-0.1066856330013688,116838961.90549937,-1.1078458409261072
379,,93476154.88912916,10.0,-2.653460416814933,-186982688.90542668,13.297696121933162
380,,93419180.36971694,6.0,-0.3989495648874165,70034009.61085096,1.1075709621051022
381,,93381051.70654546,3.0,-1.0576674019781025,280122144.2050855,-8.859892474351428
382,,93364470.73823178,0.0,-0.13220800322594659,116721930.07836795,-1.1073161765054294
383,,93381366.05189826,10.0,-3.5077306259924863,-186793080.57001472,13.290513943387564
384,,93297855.52990651,5.0,-0.21352819758479996,-186793080.57001472,13.290513943387564
385,,93337727.0717367,7.0,-0.08652354406357171,46636183.56875059,2.2141555467141902
386,,93311689.57125908,1.0,-0.4779073077012749,139958201.2218098,-2.2132228735385566
387,,93296823.37899642,10.0,-2.4402622966368757,-186626301.9427908,13.275647210405978
388,,93244254.72338283,7.0,-0.19328202452400822,46589478.09328863,2.2115185049304564
389,,93214922.73273745,1.0,-0.47788621163952966,139813060.8085056,-2.2106655298756688
390,,93200072.77831218,3.0,-3.7612577363592195,279576917.02157784,-8.84020514365912
391,,93097209.61866054,9.0,-1.3422029438954628,-93134477.03132457,8.826680852227883
392,,93055528.8655704,0.0,0.0083450862804355,116335703.69433105,-1.1028672710909548
393,,93076784.38065836,1.0,-0.01546978354167182,139608196.83983716,-2.2067091296772885
394,,93078631.4860267,6.0,-0.4523102368926061,69801993.69219747,1.1035857756044047
395,,93062271.0846115,7.0,0.6395063339185301,46524156.40101229,2.2076735561183165
396,,93088407.04665983,5.0,-0.21335103356729998,46524156.40101229,2.2076735561183165
397,,93095030.06732817,8.0,-1.0265987200758786,-13966.59037335962,4.413132499043763
398,,93067824.0794577,2.0,-1.0978688602310323,186117033.19744045,-4.41247032426786
399,,93033765.47184782,4.0,-1.3733260648005838,372097843.43097717,-13.23037123630838
400,,93009777.38667005,2.0,0.863050795230878,185982344.98899698,-4.409195638041672
401,,93023273.3521644,1.0,0.2540109329790675,139520962.95741534,-2.20612041341755
402,,93028078.30484718,6.0,0.20119101283535507,69764083.73821251,1.103562104733768
403,,93033242.49757639,4.0,-5.64188660453883,372102733.10168034,-13.236571458714717
404,,92883876.46582276,4.0,-1.7999999999999998,371479718.81468767,-13.209681642014187
405,,92828089.4172194,6.0,-0.0077970561047611756,69590881.19773936,1.1001456471736637
406,,92802304.13463292,0.0,-0.38108218593730286,116002881.25298145,-1.0996315393823366
407,,92795157.61431724,7.0,-0.22893390191886742,46390618.27691404,2.1984164324642794
408,,92790395.50050512,0.0,0.037884665497928495,115990314.59346625,-1.0990997287561015
409,,92798760.76684813,8.0,-0.38675623800390685,-11599.031459346414,4.397941317354951
410,,92793758.64736483,1.0,-0.868723343758911,139176717.747347,-2.1986958261625635
411,,92762248.85705528,3.0,1.6056608242539223,278263552.6745054,-8.788465074093347
412,,92835728.07620987,3.0,-1.2,278470074.3005546,-8.800012140500485
413,,92798618.14813486,2.0,-0.6711005260912762,185569389.28883964,-4.398247222528786
414,,92768572.01709351,0.0,0.23049420602382825,115967675.88879365,-1.0991797437983544
415,,92788723.04144585,1.0,0.016772377000618035,139176127.23073196,-2.200088276027169
416,,92791666.10725117,6.0,-0.15,69586791.34267333,1.1003138323204853
417,,92784707.86948612,5.0,-0.0,69586791.34267333,1.1003138323204853
418,,92784707.86948612,5.0,-0.10672105487830041,69586791.34267333,1.1003138323204853
419,,92786358.34023461,6.0,-0.02551341032515788,69585129.1395177,1.1001726189882923
420,,92785569.3287428,4.0,-0.5195229514420344,371112121.6001537,-13.199768019073804
421,,92795012.91798252,7.0,-0.3,46365034.997477114,2.200498290680164
422,,92762541.45646837,1.0,-1.0470512212473093,139134534.30698383,-2.1997282773646756
423,,92730166.43183732,2.0,-1.3822355478659132,185446419.41024396,-4.395732096031728
424,,92692076.45187846,1.0,-0.15781242595131303,139024204.63969925,-2.1963906083095224
425,,92682559.19497663,3.0,-1.6266031565476577,278024506.90854645,-8.785493075025038
426,,92646210.27898064,3.0,-1.2,277901563.76522315,-8.781423215466994
427,,92609143.20726183,6.0,0.023085945830596866,69436012.9348104,1.0972387290261112
428,,92593784.93027098,1.0,-0.3,138883731.9289604,-2.1935937298398756
429,,92586839.46382493,1.0,-0.15784274241308852,138871000.1645177,-2.1934291882169323
430,,92581967.29098168,9.0,-1.2,-92605112.58772722,8.77408650612284
431,,92558821.99423614,6.0,-0.007857701329282214,69398286.13166906,1.0964866253729966
432,,92542377.57672958,2.0,-1.1685751510127185,185073186.506557,-4.384336258520885
433,,92513271.58479333,6.0,-0.6295484688439763,69373384.8653132,1.0955317194987724
434,,92486913.0832983,8.0,-0.6,-11560.044130124152,4.3836815377428335
435,,92475353.03916818,8.0,-1.5952554744524046,-18496.226612254977,4.383133616417109
436,,92426174.877241,5.0,-0.46228249016144995,-18496.226612254977,4.383133616417109
437,,92454665.24574772,7.0,-0.7265481692142702,46213462.573464334,2.191128457062394
438,,92427648.42559582,3.0,-1.6267548538507237,277259838.32851714,-8.764445243400974
439,,92391394.8094604,2.0,-0.9556037548000978,184755063.63508794,-4.380192234839065
440,,92352718.34504044,3.0,-1.626673935200082,277030444.2569233,-8.755679490416481
441,,92311874.0476068,2.0,-0.24446366782028986,184596045.05078787,-4.375592456159966
442,,92295109.98432146,10.0,-5.42617506933129,-184627138.59514484,13.125948941807787
443,,92146620.79181418,0.0,-0.09664172910936174,115208649.70018664,-1.092509494354242
444,,92173633.26647463,5.0,-0.0,115208649.70018664,-1.092509494354242
445,,92173633.26647463,9.0,-1.3422703881997704,-92194371.49477132,8.743260050413776
446,,92148523.40815271,7.0,-0.22886311895271289,46051219.98841566,2.185271376592504
447,,92127666.9638686,8.0,-0.6,-13820.411393925548,4.369346310830856
448,,92113846.55247468,1.0,-0.3,138156951.369688,-2.184345424531057
449,,92100028.09345067,5.0,-0.6046952810054999,138156951.369688,-2.184345424531057
450,,92081461.15734215,2.0,0.4482542015313092,184149106.61954734,-4.365395081771264
451,,92102568.62285936,1.0,-0.3355730241160332,138140043.15205824,-2.184026193897687
452,,92087666.8275316,2.0,-0.6711443611874067,184161519.65074798,-4.367242095586247
453,,92071669.20216858,6.0,-0.16778211177763938,69042241.12485154,1.091594968370386
454,,92059612.6279095,1.0,-0.3,138082514.22408253,-2.182955814946161
455,,92052707.91012779,6.0,-0.1855650668690403,69032626.63426667,1.0913960437034975
456,,92044712.21575493,4.0,-1.1596703817879679,368148934.24079686,-13.096236027852255
457,,92034441.94757384,2.0,-0.6,184032069.00172365,-4.365235466007723
458,,91997627.0541498,2.0,-0.6,183976850.9013995,-4.36348931885834
459,,91979223.84724967,3.0,-1.0576944055777087,275910075.93427414,-8.72523289275971
460,,91955990.85622117,5.0,-0.0,275910075.93427414,-8.72523289275971
461,,91955990.85622117,3.0,-1.3423089693117174,275831185.96198446,-8.723235863607757
462,,91914842.6316103,1.0,-0.4067291958165519,137849276.5709508,-2.179781408011248
463,,91888585.58303365,10.0,-2.4402015650937017,-183809333.81084096,13.074022136547352
464,,91836811.90505517,6.0,-0.09664607394412048,68847748.39392218,1.0889654457876439
465,,91808584.81835465,3.0,-0.20393170500358737,275405096.6544578,-8.708426352227143
466,,91818406.5099813,10.0,-2.6537438038086,-183682717.21093008,13.066205892841777
467,,91746369.90722814,2.0,-1.5251618871414205,183456022.26875377,-4.352397822871897
468,,91681361.77567695,5.0,-0.0,183456022.26875377,-4.352397822871897
469,,91681361.77567695,1.0,-0.3711443611874066,137508281.1293773,-2.173986573453404
470,,91665426.25496536,10.0,-2.653521126760545,-183362936.42329463,13.0410337537296
471,,91607260.27409402,0.0,-0.1677869338391676,114534282.18078038,-1.0861662351682952
472,,91631924.0291393,3.0,0.1857674705365645,274875155.46679693,-8.691463235791353
473,,91654764.72469732,9.0,0.18581153198450037,-91691417.71671647,8.695691726922732
474,,91661590.19131279,3.0,-1.3422920964641327,274948102.95510936,-8.694277128008611
475,,91620575.43391979,1.0,-0.3,137407949.36935586,-2.1725451824414255
476,,91597661.65239596,1.0,-0.2644278194062967,137387331.56673962,-2.1720018413259026
477,,91589586.74146229,5.0,-0.391264138863,137387331.56673962,-2.1720018413259026
478,,91601532.7515896,7.0,-0.3355751897532883,45791607.719275706,2.1727118774096206
479,,91591287.73913181,8.0,-0.6,-13739.096775904298,4.345040809275923
480,,91577548.6423559,2.0,-0.6,183136780.40107366,-4.3443890340072535
481,,91559231.75871776,9.0,-2.1961289404398703,-91586701.35993373,8.687040182045852
482,,91501357.51686463,8.0,-0.8134916492694305,-27458.941639363766,4.341495422132502
483,,91467386.33209206,2.0,-0.45763363306351645,182916476.44102353,-4.340192475840094
484,,91453430.30140732,3.0,-1.4847462452843767,274332853.91354775,-8.679472351665108
485,,91417313.83838144,8.0,-0.6,-27433.28539133072,4.337816500433293
486,,91389880.55299011,2.0,-0.6,182761480.38654107,-4.336514771548084
487,,91371599.83355096,1.0,-0.1220420413296846,137043692.18227947,-2.167823669210443
488,,91363311.82467702,10.0,-1.5864678246020436,-182758600.68093723,13.007305214219395
489,,91337838.44570094,0.0,-0.15,114197424.25507772,-1.0836141706691298
490,,91362964.64365248,10.0,-1.7999999999999998,-182755621.62265918,13.006947155342624
491,,91333272.30829826,3.0,-1.2,273954141.38104004,-8.668479991296548
492,,91287596.76444352,5.0,-0.03559141060638371,273954141.38104004,-8.668479991296548
493,,91283262.52444786,1.0,-0.5135647511033263,136902062.53565994,-2.165881994126319
494,,91253933.62745363,8.0,-0.45767223382015765,-13690.206253558397,4.329755818345683
495,,91244573.1770184,7.0,-0.5846420268538096,45608598.53351203,2.1645531426915214
496,,91222226.90945047,7.0,-0.08647795757602635,45601990.98054217,2.1644337993985308
497,,91219597.7366656,1.0,-0.3,136820273.86443597,-2.1640633359429113
498,,91210474.99610317,9.0,-1.2,-91233278.07098922,8.655387644344579
499,,91187671.92121711,7.0,-0.05092640918596642,45571034.482013255,2.16330593853713
500,,91172442.0134067,9.0,-2.1961289404398703,-91195236.64256251,8.650341992305956
501,,91119371.18727782,6.0,-0.15,68319018.94539571,1.0808427973438726
502,,91098861.74221517,7.0,-0.3,45542597.94374079,2.161199035448263
503,,91092028.81484838,1.0,-0.3355890586449795,136628933.67774472,-2.1610369333566233
504,,91081838.75185385,6.0,-0.13220945128466524,68304547.308429,1.0803719634646864
505,,91075547.1823742,5.0,-0.0355838117378493,68304547.308429,1.0803719634646864
506,,91075006.99639246,1.0,-0.6914703579816359,136605679.69827008,-2.1605818564845314
507,,91056292.99986319,0.0,-0.2033683948391711,113822644.78117386,-1.0797871762624893
508,,91056951.85044366,3.0,-0.630777622311501,273150367.59166783,-8.637745331699543
509,,91053739.38144392,8.0,-0.8845812679362,-27315.03675916791,4.319130013587454
510,,91017786.08465758,1.0,-0.22883370098905126,136513023.72757,-2.158917101559752
511,,91006289.60234277,10.0,-0.7326683587539082,-182044431.76497874,12.952480907418852
512,,91006818.2443181,10.0,-2.4403230397036784,-182068243.65911037,12.951020100230267
513,,90932784.54369354,5.0,-0.03557959154631973,-182068243.65911037,12.951020100230267
514,,90939260.05374366,3.0,-1.4846584440225115,272772291.558849,-8.628013287831466
515,,90885143.43807384,6.0,-0.1855735022057599,68143396.73515737,1.0778087310620208
516,,90863604.78594476,5.0,-0.0,68143396.73515737,1.0778087310620208
517,,90863604.78594476,9.0,-2.9076091081589848,-90884049.52770703,8.62083536868546
518,,90791435.03197037,5.0,-0.24912214102665,-90884049.52770703,8.62083536868546
519,,90821607.95576076,1.0,-0.3,136209700.28749502,-2.1544682233604737
520,,90798896.30961463,2.0,-0.6,181584171.64920053,-4.3078589163617425
521,,90785275.3395859,0.0,0.008449472185982307,113488404.43222983,-1.0768031709119428
522,,90796931.21160246,3.0,-1.0576234992646274,272370365.101243,-8.61737115850638
523,,90780811.36361733,2.0,-0.6,181534385.69072452,-4.30802284321354
524,,90753574.32710719,2.0,-0.5288100605054444,181488995.2156453,-4.306730303813367
525,,90737574.25369003,7.0,0.16520145216397888,45355175.10603613,2.153036594857869
526,,90739033.48904514,4.0,-3.2945277290178185,362924373.86029553,-12.914137315201643
527,,90662073.91255689,10.0,-1.7999999999999998,-181378572.67728233,12.901042178947973
528,,90607649.06038833,7.0,-0.15771611526154472,45272095.52556735,2.148882937516621
529,,90580217.82163656,9.0,-0.7731888354000224,-90602864.67743048,8.59211437991288
530,,90570459.13741252,5.0,-0.24898036611959998,-90602864.67743048,8.59211437991288
531,,90600531.5377422,6.0,-0.2744570757959502,67930013.3003967,1.0740004686898954
532,,90576387.18319184,6.0,-0.1855650668690403,67927761.34032601,1.0738924782224206
533,,90570784.24364576,1.0,-0.37114773535700346,135849383.5239661,-2.1477539540821855
534,,90561843.64818914,1.0,-0.12213909703123432,135833708.6261137,-2.147440094095351
535,,90558155.40225437,8.0,-0.528861431925716,-13583.370862603188,4.295214523312276
536,,90546719.63865343,1.0,-0.33557555492318825,135806496.09169728,-2.1472851365645376
537,,90532062.62980229,8.0,-0.6,-13580.649609163404,4.293773275619639
538,,90518481.98019311,7.0,-0.3355675970499426,45245661.85973457,2.14656458488921
539,,90503829.56753868,7.0,-0.1932946784290693,45242863.77552018,2.1462680128898377
540,,90497997.96130887,1.0,0.10573024116091938,135737946.52864665,-2.1459770449197046
541,,90501823.41026174,8.0,-0.6,-13573.794652864337,4.293357214841991
542,,90488249.61560889,7.0,-0.3,45230550.21298264,2.1463566407080075
543,,90474675.02078709,2.0,-1.169330392086774,180935778.16159132,-4.2920693100304605
544,,90443934.8635641,10.0,1.3455427229829284,-180924052.09191707,12.869390973542925
545,,90510707.62656352,5.0,-0.5689495768437,-180924052.09191707,12.869390973542925
546,,90407752.49877521,0.0,-0.15,113034563.61011562,-1.0720202112881545
547,,90432625.4854218,1.0,-0.4423055944222913,135642156.40304598,-2.1446302911144213
548,,90421554.39975286,4.0,-1.7999999999999998,361654569.0724912,-12.864986042505919
549,,90389905.87323266,5.0,-0.391264138863,361654569.0724912,-12.864986042505919
550,,90319148.44999892,6.0,-0.2033349532975818,67709969.81672573,1.0705887398653327
551,,90288151.04611567,2.0,-0.7422651082291072,180565015.45900378,-4.281189741156294
552,,90272583.22314696,3.0,-1.9112918138489778,270790665.90957266,-8.560497211839165
553,,90224098.22024915,2.0,-0.24439624519990194,180421117.37390736,-4.277442669143752
554,,90207712.76033106,7.0,-0.5489023493989875,45090324.65406616,2.1385863957784563
555,,90186695.98184647,1.0,-0.2288590126617478,135271025.00083783,-2.1384430213365215
556,,90179815.45293593,1.0,-0.2644278194062967,135260705.06767648,-2.1383812826741897
557,,90171866.53184986,1.0,-0.3355730241160332,135248782.3205946,-2.1382434974710076
558,,90161779.93292093,1.0,-0.2644278194062967,135233653.110146,-2.1379536169240474
559,,90153832.12049398,1.0,-0.3,135221732.50703597,-2.137815847869246
560,,90144816.44678898,1.0,0.16501861468782258,135208209.7377551,-2.137602059396006
561,,90150764.72877637,1.0,-0.19324548710769957,135217133.81042725,-2.138453038137827
562,,90144959.12559627,5.0,-0.6049247995443,135217133.81042725,-2.138453038137827
563,,90126782.27477211,9.0,-0.3464181546568062,-90149316.66638061,8.548697661878743
564,,90129893.97614926,6.0,-0.16778042535026946,67577139.31369829,1.0684720816576483
565,,90109078.57169478,1.0,-0.3,135156859.2096878,-2.1365012939039922
566,,90102319.9238404,5.0,-0.0,135156859.2096878,-2.1365012939039922
567,,90102319.9238404,0.0,-0.15,112630152.800731,-1.0681705226176073
568,,90104572.8197709,5.0,-0.03556525037939906,112630152.800731,-1.0681705226176073
569,,90104038.73450959,5.0,-0.035564407141253085,112630152.800731,-1.0681705226176073
570,,90103504.64924829,7.0,-0.4066800227607085,45044994.48457653,2.136267832738591
571,,90093542.40745157,2.0,-0.6,180173570.6058701,-4.272367156251408
572,,90080028.19841853,1.0,-0.3,135106528.9419771,-2.1358631463762543
573,,90066514.84276785,1.0,-0.2644303497332877,135090764.93699974,-2.1355427348611227
574,,90058575.28698325,0.0,-0.15,112575470.86331189,-1.0677025571084466
575,,90060827.04156607,4.0,-1.7999999999999998,360214038.4537697,-12.812751037354683
576,,90031557.32907146,6.0,-0.2744718309858586,67494398.95975792,1.0673822417730292
577,,89998552.45417958,1.0,-1.0,67494398.95975792,1.0673822417730292
